"","X","Species","Life_Stage","Hydraulic","TimePeriod","position","Node","Overall_Class","pos_code","sp_code","ClassOrder","Check_Class"
"1",1,"Cladophora","Adult","Depth","critical","LOB","11101250","Low","11101250_LOB","Cladophora_Adult","1","Low"
"2",43,"Cladophora","Adult","Shear Stress","critical","LOB","11101250","High","11101250_LOB","Cladophora_Adult","3","Low"
"3",85,"Cladophora","Adult","Velocity","critical","LOB","11101250","Low","11101250_LOB","Cladophora_Adult","1","Low"
"4",127,"SAS","Adult","Depth","Annual","LOB","11101250","Low","11101250_LOB","SAS_Adult","1","Low"
"5",169,"SAS","Adult","Velocity","Annual","LOB","11101250","Low","11101250_LOB","SAS_Adult","1","Low"
"6",211,"SAS","Juvenile","Depth","critical","LOB","11101250","Low","11101250_LOB","SAS_Juvenile","1","Low"
"7",253,"Steelhead","Migration","Depth","critical","LOB","11101250","Low","11101250_LOB","Steelhead_Migration","1","Low"
"8",295,"Steelhead","Migration","Velocity","critical","LOB","11101250","Low","11101250_LOB","Steelhead_Migration","1","Low"
"9",337,"Steelhead","Migration_Prolonged","Depth","critical","LOB","11101250","Low","11101250_LOB","Steelhead_Migration_Prolonged","1","Low"
"10",379,"Steelhead","Migration_Prolonged","Velocity","critical","LOB","11101250","Low","11101250_LOB","Steelhead_Migration_Prolonged","1","Low"
"11",421,"Typha","Adult","Depth","Annual","LOB","11101250","Low","11101250_LOB","Typha_Adult","1","Low"
"12",463,"Typha","Adult","Velocity","Annual","LOB","11101250","Low","11101250_LOB","Typha_Adult","1","Low"
"13",505,"Willow","Adult","StreamPower","Annual","LOB","11101250","High","11101250_LOB","Willow_Adult","3","High"
"14",547,"Willow","Seedling","Depth","critical","LOB","11101250","High","11101250_LOB","Willow_Seedling","3","High"
"15",589,"Willow","Seedling","Shear","critical","LOB","11101250","High","11101250_LOB","Willow_Seedling","3","High"
"16",2,"Cladophora","Adult","Depth","critical","LOB","F300","Low","F300_LOB","Cladophora_Adult","1","Low"
"17",44,"Cladophora","Adult","Shear Stress","critical","LOB","F300","High","F300_LOB","Cladophora_Adult","3","Low"
"18",86,"Cladophora","Adult","Velocity","critical","LOB","F300","Low","F300_LOB","Cladophora_Adult","1","Low"
"19",128,"SAS","Adult","Depth","Annual","LOB","F300","Low","F300_LOB","SAS_Adult","1","Low"
"20",170,"SAS","Adult","Velocity","Annual","LOB","F300","Low","F300_LOB","SAS_Adult","1","Low"
"21",212,"SAS","Juvenile","Depth","critical","LOB","F300","Low","F300_LOB","SAS_Juvenile","1","Low"
"22",254,"Steelhead","Migration","Depth","critical","LOB","F300","Low","F300_LOB","Steelhead_Migration","1","Low"
"23",296,"Steelhead","Migration","Velocity","critical","LOB","F300","Low","F300_LOB","Steelhead_Migration","1","Low"
"24",338,"Steelhead","Migration_Prolonged","Depth","critical","LOB","F300","Low","F300_LOB","Steelhead_Migration_Prolonged","1","Low"
"25",380,"Steelhead","Migration_Prolonged","Velocity","critical","LOB","F300","Low","F300_LOB","Steelhead_Migration_Prolonged","1","Low"
"26",422,"Typha","Adult","Depth","Annual","LOB","F300","Low","F300_LOB","Typha_Adult","1","Low"
"27",464,"Typha","Adult","Velocity","Annual","LOB","F300","Low","F300_LOB","Typha_Adult","1","Low"
"28",506,"Willow","Adult","StreamPower","Annual","LOB","F300","High","F300_LOB","Willow_Adult","3","High"
"29",548,"Willow","Seedling","Depth","critical","LOB","F300","High","F300_LOB","Willow_Seedling","3","High"
"30",590,"Willow","Seedling","Shear","critical","LOB","F300","High","F300_LOB","Willow_Seedling","3","High"
"31",3,"Cladophora","Adult","Depth","critical","LOB","F37BLow","Low","F37BLow_LOB","Cladophora_Adult","1","Low"
"32",45,"Cladophora","Adult","Shear Stress","critical","LOB","F37BLow","Low","F37BLow_LOB","Cladophora_Adult","1","Low"
"33",87,"Cladophora","Adult","Velocity","critical","LOB","F37BLow","Low","F37BLow_LOB","Cladophora_Adult","1","Low"
"34",129,"SAS","Adult","Depth","Annual","LOB","F37BLow","Low","F37BLow_LOB","SAS_Adult","1","Low"
"35",171,"SAS","Adult","Velocity","Annual","LOB","F37BLow","Low","F37BLow_LOB","SAS_Adult","1","Low"
"36",213,"SAS","Juvenile","Depth","critical","LOB","F37BLow","Low","F37BLow_LOB","SAS_Juvenile","1","Low"
"37",255,"Steelhead","Migration","Depth","critical","LOB","F37BLow","Low","F37BLow_LOB","Steelhead_Migration","1","Low"
"38",297,"Steelhead","Migration","Velocity","critical","LOB","F37BLow","Low","F37BLow_LOB","Steelhead_Migration","1","Low"
"39",339,"Steelhead","Migration_Prolonged","Depth","critical","LOB","F37BLow","Low","F37BLow_LOB","Steelhead_Migration_Prolonged","1","Low"
"40",381,"Steelhead","Migration_Prolonged","Velocity","critical","LOB","F37BLow","Low","F37BLow_LOB","Steelhead_Migration_Prolonged","1","Low"
"41",423,"Typha","Adult","Depth","Annual","LOB","F37BLow","Low","F37BLow_LOB","Typha_Adult","1","Low"
"42",465,"Typha","Adult","Velocity","Annual","LOB","F37BLow","Low","F37BLow_LOB","Typha_Adult","1","Low"
"43",507,"Willow","Adult","StreamPower","Annual","LOB","F37BLow","High","F37BLow_LOB","Willow_Adult","3","High"
"44",549,"Willow","Seedling","Depth","critical","LOB","F37BLow","High","F37BLow_LOB","Willow_Seedling","3","Low"
"45",591,"Willow","Seedling","Shear","critical","LOB","F37BLow","Low","F37BLow_LOB","Willow_Seedling","1","Low"
"46",4,"Cladophora","Adult","Depth","critical","LOB","F57C","High","F57C_LOB","Cladophora_Adult","3","High"
"47",46,"Cladophora","Adult","Shear Stress","critical","LOB","F57C","High","F57C_LOB","Cladophora_Adult","3","High"
"48",88,"Cladophora","Adult","Velocity","critical","LOB","F57C","High","F57C_LOB","Cladophora_Adult","3","High"
"49",130,"SAS","Adult","Depth","Annual","LOB","F57C","High","F57C_LOB","SAS_Adult","3","Low"
"50",172,"SAS","Adult","Velocity","Annual","LOB","F57C","Low","F57C_LOB","SAS_Adult","1","Low"
"51",214,"SAS","Juvenile","Depth","critical","LOB","F57C","High","F57C_LOB","SAS_Juvenile","3","High"
"52",256,"Steelhead","Migration","Depth","critical","LOB","F57C","High","F57C_LOB","Steelhead_Migration","3","High"
"53",298,"Steelhead","Migration","Velocity","critical","LOB","F57C","High","F57C_LOB","Steelhead_Migration","3","High"
"54",340,"Steelhead","Migration_Prolonged","Depth","critical","LOB","F57C","High","F57C_LOB","Steelhead_Migration_Prolonged","3","High"
"55",382,"Steelhead","Migration_Prolonged","Velocity","critical","LOB","F57C","High","F57C_LOB","Steelhead_Migration_Prolonged","3","High"
"56",424,"Typha","Adult","Depth","Annual","LOB","F57C","High","F57C_LOB","Typha_Adult","3","Low"
"57",466,"Typha","Adult","Velocity","Annual","LOB","F57C","Low","F57C_LOB","Typha_Adult","1","Low"
"58",508,"Willow","Adult","StreamPower","Annual","LOB","F57C","High","F57C_LOB","Willow_Adult","3","High"
"59",550,"Willow","Seedling","Depth","critical","LOB","F57C","Low","F57C_LOB","Willow_Seedling","1","Low"
"60",592,"Willow","Seedling","Shear","critical","LOB","F57C","Partial","F57C_LOB","Willow_Seedling","2","Low"
"61",5,"Cladophora","Adult","Depth","critical","LOB","GLEN","High","GLEN_LOB","Cladophora_Adult","3","Low"
"62",47,"Cladophora","Adult","Shear Stress","critical","LOB","GLEN","High","GLEN_LOB","Cladophora_Adult","3","Low"
"63",89,"Cladophora","Adult","Velocity","critical","LOB","GLEN","Low","GLEN_LOB","Cladophora_Adult","1","Low"
"64",131,"SAS","Adult","Depth","Annual","LOB","GLEN","Partial","GLEN_LOB","SAS_Adult","2","Partial"
"65",173,"SAS","Adult","Velocity","Annual","LOB","GLEN","Partial","GLEN_LOB","SAS_Adult","2","Partial"
"66",215,"SAS","Juvenile","Depth","critical","LOB","GLEN","High","GLEN_LOB","SAS_Juvenile","3","High"
"67",257,"Steelhead","Migration","Depth","critical","LOB","GLEN","High","GLEN_LOB","Steelhead_Migration","3","High"
"68",299,"Steelhead","Migration","Velocity","critical","LOB","GLEN","High","GLEN_LOB","Steelhead_Migration","3","High"
"69",341,"Steelhead","Migration_Prolonged","Depth","critical","LOB","GLEN","High","GLEN_LOB","Steelhead_Migration_Prolonged","3","High"
"70",383,"Steelhead","Migration_Prolonged","Velocity","critical","LOB","GLEN","High","GLEN_LOB","Steelhead_Migration_Prolonged","3","High"
"71",425,"Typha","Adult","Depth","Annual","LOB","GLEN","Partial","GLEN_LOB","Typha_Adult","2","Partial"
"72",467,"Typha","Adult","Velocity","Annual","LOB","GLEN","Partial","GLEN_LOB","Typha_Adult","2","Partial"
"73",509,"Willow","Adult","StreamPower","Annual","LOB","GLEN","High","GLEN_LOB","Willow_Adult","3","High"
"74",551,"Willow","Seedling","Depth","critical","LOB","GLEN","Partial","GLEN_LOB","Willow_Seedling","2","Partial"
"75",593,"Willow","Seedling","Shear","critical","LOB","GLEN","Partial","GLEN_LOB","Willow_Seedling","2","Partial"
"76",6,"Cladophora","Adult","Depth","critical","LOB","LA11","Low","LA11_LOB","Cladophora_Adult","1","Low"
"77",48,"Cladophora","Adult","Shear Stress","critical","LOB","LA11","High","LA11_LOB","Cladophora_Adult","3","Low"
"78",90,"Cladophora","Adult","Velocity","critical","LOB","LA11","Low","LA11_LOB","Cladophora_Adult","1","Low"
"79",132,"SAS","Adult","Depth","Annual","LOB","LA11","Low","LA11_LOB","SAS_Adult","1","Low"
"80",174,"SAS","Adult","Velocity","Annual","LOB","LA11","Low","LA11_LOB","SAS_Adult","1","Low"
"81",216,"SAS","Juvenile","Depth","critical","LOB","LA11","Low","LA11_LOB","SAS_Juvenile","1","Low"
"82",258,"Steelhead","Migration","Depth","critical","LOB","LA11","Low","LA11_LOB","Steelhead_Migration","1","Low"
"83",300,"Steelhead","Migration","Velocity","critical","LOB","LA11","Low","LA11_LOB","Steelhead_Migration","1","Low"
"84",342,"Steelhead","Migration_Prolonged","Depth","critical","LOB","LA11","Low","LA11_LOB","Steelhead_Migration_Prolonged","1","Low"
"85",384,"Steelhead","Migration_Prolonged","Velocity","critical","LOB","LA11","Low","LA11_LOB","Steelhead_Migration_Prolonged","1","Low"
"86",426,"Typha","Adult","Depth","Annual","LOB","LA11","Low","LA11_LOB","Typha_Adult","1","Low"
"87",468,"Typha","Adult","Velocity","Annual","LOB","LA11","Low","LA11_LOB","Typha_Adult","1","Low"
"88",510,"Willow","Adult","StreamPower","Annual","LOB","LA11","High","LA11_LOB","Willow_Adult","3","High"
"89",552,"Willow","Seedling","Depth","critical","LOB","LA11","High","LA11_LOB","Willow_Seedling","3","High"
"90",594,"Willow","Seedling","Shear","critical","LOB","LA11","High","LA11_LOB","Willow_Seedling","3","High"
"91",7,"Cladophora","Adult","Depth","critical","LOB","LA14","High","LA14_LOB","Cladophora_Adult","3","High"
"92",49,"Cladophora","Adult","Shear Stress","critical","LOB","LA14","High","LA14_LOB","Cladophora_Adult","3","High"
"93",91,"Cladophora","Adult","Velocity","critical","LOB","LA14","High","LA14_LOB","Cladophora_Adult","3","High"
"94",133,"SAS","Adult","Depth","Annual","LOB","LA14","Partial","LA14_LOB","SAS_Adult","2","Partial"
"95",175,"SAS","Adult","Velocity","Annual","LOB","LA14","High","LA14_LOB","SAS_Adult","3","Partial"
"96",217,"SAS","Juvenile","Depth","critical","LOB","LA14","Partial","LA14_LOB","SAS_Juvenile","2","Partial"
"97",259,"Steelhead","Migration","Depth","critical","LOB","LA14","Low","LA14_LOB","Steelhead_Migration","1","Low"
"98",301,"Steelhead","Migration","Velocity","critical","LOB","LA14","High","LA14_LOB","Steelhead_Migration","3","Low"
"99",343,"Steelhead","Migration_Prolonged","Depth","critical","LOB","LA14","Low","LA14_LOB","Steelhead_Migration_Prolonged","1","Low"
"100",385,"Steelhead","Migration_Prolonged","Velocity","critical","LOB","LA14","High","LA14_LOB","Steelhead_Migration_Prolonged","3","Low"
"101",427,"Typha","Adult","Depth","Annual","LOB","LA14","Partial","LA14_LOB","Typha_Adult","2","Partial"
"102",469,"Typha","Adult","Velocity","Annual","LOB","LA14","Partial","LA14_LOB","Typha_Adult","2","Partial"
"103",511,"Willow","Adult","StreamPower","Annual","LOB","LA14","High","LA14_LOB","Willow_Adult","3","High"
"104",553,"Willow","Seedling","Depth","critical","LOB","LA14","High","LA14_LOB","Willow_Seedling","3","Partial"
"105",595,"Willow","Seedling","Shear","critical","LOB","LA14","Partial","LA14_LOB","Willow_Seedling","2","Partial"
"106",8,"Cladophora","Adult","Depth","critical","LOB","LA2","Low","LA2_LOB","Cladophora_Adult","1","Low"
"107",50,"Cladophora","Adult","Shear Stress","critical","LOB","LA2","High","LA2_LOB","Cladophora_Adult","3","Low"
"108",92,"Cladophora","Adult","Velocity","critical","LOB","LA2","Low","LA2_LOB","Cladophora_Adult","1","Low"
"109",134,"SAS","Adult","Depth","Annual","LOB","LA2","Low","LA2_LOB","SAS_Adult","1","Low"
"110",176,"SAS","Adult","Velocity","Annual","LOB","LA2","Low","LA2_LOB","SAS_Adult","1","Low"
"111",218,"SAS","Juvenile","Depth","critical","LOB","LA2","Low","LA2_LOB","SAS_Juvenile","1","Low"
"112",260,"Steelhead","Migration","Depth","critical","LOB","LA2","Low","LA2_LOB","Steelhead_Migration","1","Low"
"113",302,"Steelhead","Migration","Velocity","critical","LOB","LA2","Low","LA2_LOB","Steelhead_Migration","1","Low"
"114",344,"Steelhead","Migration_Prolonged","Depth","critical","LOB","LA2","Low","LA2_LOB","Steelhead_Migration_Prolonged","1","Low"
"115",386,"Steelhead","Migration_Prolonged","Velocity","critical","LOB","LA2","Low","LA2_LOB","Steelhead_Migration_Prolonged","1","Low"
"116",428,"Typha","Adult","Depth","Annual","LOB","LA2","Low","LA2_LOB","Typha_Adult","1","Low"
"117",470,"Typha","Adult","Velocity","Annual","LOB","LA2","Low","LA2_LOB","Typha_Adult","1","Low"
"118",512,"Willow","Adult","StreamPower","Annual","LOB","LA2","High","LA2_LOB","Willow_Adult","3","High"
"119",554,"Willow","Seedling","Depth","critical","LOB","LA2","High","LA2_LOB","Willow_Seedling","3","High"
"120",596,"Willow","Seedling","Shear","critical","LOB","LA2","High","LA2_LOB","Willow_Seedling","3","High"
"121",9,"Cladophora","Adult","Depth","critical","LOB","LA20","Low","LA20_LOB","Cladophora_Adult","1","Low"
"122",51,"Cladophora","Adult","Shear Stress","critical","LOB","LA20","High","LA20_LOB","Cladophora_Adult","3","Low"
"123",93,"Cladophora","Adult","Velocity","critical","LOB","LA20","Low","LA20_LOB","Cladophora_Adult","1","Low"
"124",135,"SAS","Adult","Depth","Annual","LOB","LA20","Low","LA20_LOB","SAS_Adult","1","Low"
"125",177,"SAS","Adult","Velocity","Annual","LOB","LA20","Low","LA20_LOB","SAS_Adult","1","Low"
"126",219,"SAS","Juvenile","Depth","critical","LOB","LA20","Low","LA20_LOB","SAS_Juvenile","1","Low"
"127",261,"Steelhead","Migration","Depth","critical","LOB","LA20","Low","LA20_LOB","Steelhead_Migration","1","Low"
"128",303,"Steelhead","Migration","Velocity","critical","LOB","LA20","Low","LA20_LOB","Steelhead_Migration","1","Low"
"129",345,"Steelhead","Migration_Prolonged","Depth","critical","LOB","LA20","Low","LA20_LOB","Steelhead_Migration_Prolonged","1","Low"
"130",387,"Steelhead","Migration_Prolonged","Velocity","critical","LOB","LA20","Low","LA20_LOB","Steelhead_Migration_Prolonged","1","Low"
"131",429,"Typha","Adult","Depth","Annual","LOB","LA20","Low","LA20_LOB","Typha_Adult","1","Low"
"132",471,"Typha","Adult","Velocity","Annual","LOB","LA20","Low","LA20_LOB","Typha_Adult","1","Low"
"133",513,"Willow","Adult","StreamPower","Annual","LOB","LA20","High","LA20_LOB","Willow_Adult","3","High"
"134",555,"Willow","Seedling","Depth","critical","LOB","LA20","High","LA20_LOB","Willow_Seedling","3","High"
"135",597,"Willow","Seedling","Shear","critical","LOB","LA20","High","LA20_LOB","Willow_Seedling","3","High"
"136",10,"Cladophora","Adult","Depth","critical","LOB","LA202","Low","LA202_LOB","Cladophora_Adult","1","Low"
"137",52,"Cladophora","Adult","Shear Stress","critical","LOB","LA202","High","LA202_LOB","Cladophora_Adult","3","Low"
"138",94,"Cladophora","Adult","Velocity","critical","LOB","LA202","Low","LA202_LOB","Cladophora_Adult","1","Low"
"139",136,"SAS","Adult","Depth","Annual","LOB","LA202","Low","LA202_LOB","SAS_Adult","1","Low"
"140",178,"SAS","Adult","Velocity","Annual","LOB","LA202","Low","LA202_LOB","SAS_Adult","1","Low"
"141",220,"SAS","Juvenile","Depth","critical","LOB","LA202","Low","LA202_LOB","SAS_Juvenile","1","Low"
"142",262,"Steelhead","Migration","Depth","critical","LOB","LA202","Low","LA202_LOB","Steelhead_Migration","1","Low"
"143",304,"Steelhead","Migration","Velocity","critical","LOB","LA202","Low","LA202_LOB","Steelhead_Migration","1","Low"
"144",346,"Steelhead","Migration_Prolonged","Depth","critical","LOB","LA202","Low","LA202_LOB","Steelhead_Migration_Prolonged","1","Low"
"145",388,"Steelhead","Migration_Prolonged","Velocity","critical","LOB","LA202","Low","LA202_LOB","Steelhead_Migration_Prolonged","1","Low"
"146",430,"Typha","Adult","Depth","Annual","LOB","LA202","Low","LA202_LOB","Typha_Adult","1","Low"
"147",472,"Typha","Adult","Velocity","Annual","LOB","LA202","Low","LA202_LOB","Typha_Adult","1","Low"
"148",514,"Willow","Adult","StreamPower","Annual","LOB","LA202","High","LA202_LOB","Willow_Adult","3","High"
"149",556,"Willow","Seedling","Depth","critical","LOB","LA202","High","LA202_LOB","Willow_Seedling","3","High"
"150",598,"Willow","Seedling","Shear","critical","LOB","LA202","High","LA202_LOB","Willow_Seedling","3","High"
"151",11,"Cladophora","Adult","Depth","critical","LOB","LA3","High","LA3_LOB","Cladophora_Adult","3","Low"
"152",53,"Cladophora","Adult","Shear Stress","critical","LOB","LA3","High","LA3_LOB","Cladophora_Adult","3","Low"
"153",95,"Cladophora","Adult","Velocity","critical","LOB","LA3","Low","LA3_LOB","Cladophora_Adult","1","Low"
"154",137,"SAS","Adult","Depth","Annual","LOB","LA3","Partial","LA3_LOB","SAS_Adult","2","Partial"
"155",179,"SAS","Adult","Velocity","Annual","LOB","LA3","Partial","LA3_LOB","SAS_Adult","2","Partial"
"156",221,"SAS","Juvenile","Depth","critical","LOB","LA3","Partial","LA3_LOB","SAS_Juvenile","2","Partial"
"157",263,"Steelhead","Migration","Depth","critical","LOB","LA3","Low","LA3_LOB","Steelhead_Migration","1","Low"
"158",305,"Steelhead","Migration","Velocity","critical","LOB","LA3","High","LA3_LOB","Steelhead_Migration","3","Low"
"159",347,"Steelhead","Migration_Prolonged","Depth","critical","LOB","LA3","Low","LA3_LOB","Steelhead_Migration_Prolonged","1","Low"
"160",389,"Steelhead","Migration_Prolonged","Velocity","critical","LOB","LA3","High","LA3_LOB","Steelhead_Migration_Prolonged","3","Low"
"161",431,"Typha","Adult","Depth","Annual","LOB","LA3","Partial","LA3_LOB","Typha_Adult","2","Partial"
"162",473,"Typha","Adult","Velocity","Annual","LOB","LA3","Partial","LA3_LOB","Typha_Adult","2","Partial"
"163",515,"Willow","Adult","StreamPower","Annual","LOB","LA3","High","LA3_LOB","Willow_Adult","3","High"
"164",557,"Willow","Seedling","Depth","critical","LOB","LA3","High","LA3_LOB","Willow_Seedling","3","Low"
"165",599,"Willow","Seedling","Shear","critical","LOB","LA3","Low","LA3_LOB","Willow_Seedling","1","Low"
"166",12,"Cladophora","Adult","Depth","critical","LOB","LA8","High","LA8_LOB","Cladophora_Adult","3","Partial"
"167",54,"Cladophora","Adult","Shear Stress","critical","LOB","LA8","High","LA8_LOB","Cladophora_Adult","3","Partial"
"168",96,"Cladophora","Adult","Velocity","critical","LOB","LA8","Partial","LA8_LOB","Cladophora_Adult","2","Partial"
"169",138,"SAS","Adult","Depth","Annual","LOB","LA8","Partial","LA8_LOB","SAS_Adult","2","Partial"
"170",180,"SAS","Adult","Velocity","Annual","LOB","LA8","High","LA8_LOB","SAS_Adult","3","Partial"
"171",222,"SAS","Juvenile","Depth","critical","LOB","LA8","Partial","LA8_LOB","SAS_Juvenile","2","Partial"
"172",264,"Steelhead","Migration","Depth","critical","LOB","LA8","Low","LA8_LOB","Steelhead_Migration","1","Low"
"173",306,"Steelhead","Migration","Velocity","critical","LOB","LA8","High","LA8_LOB","Steelhead_Migration","3","Low"
"174",348,"Steelhead","Migration_Prolonged","Depth","critical","LOB","LA8","Low","LA8_LOB","Steelhead_Migration_Prolonged","1","Low"
"175",390,"Steelhead","Migration_Prolonged","Velocity","critical","LOB","LA8","High","LA8_LOB","Steelhead_Migration_Prolonged","3","Low"
"176",432,"Typha","Adult","Depth","Annual","LOB","LA8","Partial","LA8_LOB","Typha_Adult","2","Partial"
"177",474,"Typha","Adult","Velocity","Annual","LOB","LA8","Partial","LA8_LOB","Typha_Adult","2","Partial"
"178",516,"Willow","Adult","StreamPower","Annual","LOB","LA8","High","LA8_LOB","Willow_Adult","3","High"
"179",558,"Willow","Seedling","Depth","critical","LOB","LA8","High","LA8_LOB","Willow_Seedling","3","Low"
"180",600,"Willow","Seedling","Shear","critical","LOB","LA8","Low","LA8_LOB","Willow_Seedling","1","Low"
"181",13,"Cladophora","Adult","Depth","critical","MC","11101250","High","11101250_MC","Cladophora_Adult","3","Low"
"182",55,"Cladophora","Adult","Shear Stress","critical","MC","11101250","High","11101250_MC","Cladophora_Adult","3","Low"
"183",97,"Cladophora","Adult","Velocity","critical","MC","11101250","Low","11101250_MC","Cladophora_Adult","1","Low"
"184",139,"SAS","Adult","Depth","Annual","MC","11101250","Partial","11101250_MC","SAS_Adult","2","Low"
"185",181,"SAS","Adult","Velocity","Annual","MC","11101250","Low","11101250_MC","SAS_Adult","1","Low"
"186",223,"SAS","Juvenile","Depth","critical","MC","11101250","Partial","11101250_MC","SAS_Juvenile","2","Partial"
"187",265,"Steelhead","Migration","Depth","critical","MC","11101250","High","11101250_MC","Steelhead_Migration","3","High"
"188",307,"Steelhead","Migration","Velocity","critical","MC","11101250","High","11101250_MC","Steelhead_Migration","3","High"
"189",349,"Steelhead","Migration_Prolonged","Depth","critical","MC","11101250","High","11101250_MC","Steelhead_Migration_Prolonged","3","High"
"190",391,"Steelhead","Migration_Prolonged","Velocity","critical","MC","11101250","High","11101250_MC","Steelhead_Migration_Prolonged","3","High"
"191",433,"Typha","Adult","Depth","Annual","MC","11101250","High","11101250_MC","Typha_Adult","3","High"
"192",475,"Typha","Adult","Velocity","Annual","MC","11101250","High","11101250_MC","Typha_Adult","3","High"
"193",517,"Willow","Adult","StreamPower","Annual","MC","11101250","High","11101250_MC","Willow_Adult","3","High"
"194",559,"Willow","Seedling","Depth","critical","MC","11101250","Low","11101250_MC","Willow_Seedling","1","Low"
"195",601,"Willow","Seedling","Shear","critical","MC","11101250","High","11101250_MC","Willow_Seedling","3","Low"
"196",14,"Cladophora","Adult","Depth","critical","MC","F300","High","F300_MC","Cladophora_Adult","3","High"
"197",56,"Cladophora","Adult","Shear Stress","critical","MC","F300","High","F300_MC","Cladophora_Adult","3","High"
"198",98,"Cladophora","Adult","Velocity","critical","MC","F300","High","F300_MC","Cladophora_Adult","3","High"
"199",140,"SAS","Adult","Depth","Annual","MC","F300","High","F300_MC","SAS_Adult","3","Partial"
"200",182,"SAS","Adult","Velocity","Annual","MC","F300","Partial","F300_MC","SAS_Adult","2","Partial"
"201",224,"SAS","Juvenile","Depth","critical","MC","F300","Partial","F300_MC","SAS_Juvenile","2","Partial"
"202",266,"Steelhead","Migration","Depth","critical","MC","F300","High","F300_MC","Steelhead_Migration","3","High"
"203",308,"Steelhead","Migration","Velocity","critical","MC","F300","High","F300_MC","Steelhead_Migration","3","High"
"204",350,"Steelhead","Migration_Prolonged","Depth","critical","MC","F300","High","F300_MC","Steelhead_Migration_Prolonged","3","High"
"205",392,"Steelhead","Migration_Prolonged","Velocity","critical","MC","F300","High","F300_MC","Steelhead_Migration_Prolonged","3","High"
"206",434,"Typha","Adult","Depth","Annual","MC","F300","High","F300_MC","Typha_Adult","3","Partial"
"207",476,"Typha","Adult","Velocity","Annual","MC","F300","Partial","F300_MC","Typha_Adult","2","Partial"
"208",518,"Willow","Adult","StreamPower","Annual","MC","F300","High","F300_MC","Willow_Adult","3","High"
"209",560,"Willow","Seedling","Depth","critical","MC","F300","Low","F300_MC","Willow_Seedling","1","Low"
"210",602,"Willow","Seedling","Shear","critical","MC","F300","Low","F300_MC","Willow_Seedling","1","Low"
"211",15,"Cladophora","Adult","Depth","critical","MC","F319","High","F319_MC","Cladophora_Adult","3","Partial"
"212",57,"Cladophora","Adult","Shear Stress","critical","MC","F319","High","F319_MC","Cladophora_Adult","3","Partial"
"213",99,"Cladophora","Adult","Velocity","critical","MC","F319","Partial","F319_MC","Cladophora_Adult","2","Partial"
"214",141,"SAS","Adult","Depth","Annual","MC","F319","High","F319_MC","SAS_Adult","3","High"
"215",183,"SAS","Adult","Velocity","Annual","MC","F319","High","F319_MC","SAS_Adult","3","High"
"216",225,"SAS","Juvenile","Depth","critical","MC","F319","High","F319_MC","SAS_Juvenile","3","High"
"217",267,"Steelhead","Migration","Depth","critical","MC","F319","High","F319_MC","Steelhead_Migration","3","High"
"218",309,"Steelhead","Migration","Velocity","critical","MC","F319","High","F319_MC","Steelhead_Migration","3","High"
"219",351,"Steelhead","Migration_Prolonged","Depth","critical","MC","F319","High","F319_MC","Steelhead_Migration_Prolonged","3","High"
"220",393,"Steelhead","Migration_Prolonged","Velocity","critical","MC","F319","High","F319_MC","Steelhead_Migration_Prolonged","3","High"
"221",435,"Typha","Adult","Depth","Annual","MC","F319","High","F319_MC","Typha_Adult","3","Partial"
"222",477,"Typha","Adult","Velocity","Annual","MC","F319","Partial","F319_MC","Typha_Adult","2","Partial"
"223",519,"Willow","Adult","StreamPower","Annual","MC","F319","High","F319_MC","Willow_Adult","3","High"
"224",561,"Willow","Seedling","Depth","critical","MC","F319","Low","F319_MC","Willow_Seedling","1","Low"
"225",603,"Willow","Seedling","Shear","critical","MC","F319","Low","F319_MC","Willow_Seedling","1","Low"
"226",16,"Cladophora","Adult","Depth","critical","MC","F34D","High","F34D_MC","Cladophora_Adult","3","High"
"227",58,"Cladophora","Adult","Shear Stress","critical","MC","F34D","High","F34D_MC","Cladophora_Adult","3","High"
"228",100,"Cladophora","Adult","Velocity","critical","MC","F34D","High","F34D_MC","Cladophora_Adult","3","High"
"229",142,"SAS","Adult","Depth","Annual","MC","F34D","High","F34D_MC","SAS_Adult","3","High"
"230",184,"SAS","Adult","Velocity","Annual","MC","F34D","High","F34D_MC","SAS_Adult","3","High"
"231",226,"SAS","Juvenile","Depth","critical","MC","F34D","High","F34D_MC","SAS_Juvenile","3","High"
"232",268,"Steelhead","Migration","Depth","critical","MC","F34D","High","F34D_MC","Steelhead_Migration","3","High"
"233",310,"Steelhead","Migration","Velocity","critical","MC","F34D","High","F34D_MC","Steelhead_Migration","3","High"
"234",352,"Steelhead","Migration_Prolonged","Depth","critical","MC","F34D","High","F34D_MC","Steelhead_Migration_Prolonged","3","High"
"235",394,"Steelhead","Migration_Prolonged","Velocity","critical","MC","F34D","High","F34D_MC","Steelhead_Migration_Prolonged","3","High"
"236",436,"Typha","Adult","Depth","Annual","MC","F34D","High","F34D_MC","Typha_Adult","3","Partial"
"237",478,"Typha","Adult","Velocity","Annual","MC","F34D","Partial","F34D_MC","Typha_Adult","2","Partial"
"238",520,"Willow","Adult","StreamPower","Annual","MC","F34D","High","F34D_MC","Willow_Adult","3","High"
"239",562,"Willow","Seedling","Depth","critical","MC","F34D","Partial","F34D_MC","Willow_Seedling","2","Low"
"240",604,"Willow","Seedling","Shear","critical","MC","F34D","Low","F34D_MC","Willow_Seedling","1","Low"
"241",17,"Cladophora","Adult","Depth","critical","MC","F37BHigh","Low","F37BHigh_MC","Cladophora_Adult","1","Low"
"242",59,"Cladophora","Adult","Shear Stress","critical","MC","F37BHigh","Low","F37BHigh_MC","Cladophora_Adult","1","Low"
"243",101,"Cladophora","Adult","Velocity","critical","MC","F37BHigh","Low","F37BHigh_MC","Cladophora_Adult","1","Low"
"244",143,"SAS","Adult","Depth","Annual","MC","F37BHigh","Low","F37BHigh_MC","SAS_Adult","1","Low"
"245",185,"SAS","Adult","Velocity","Annual","MC","F37BHigh","Low","F37BHigh_MC","SAS_Adult","1","Low"
"246",227,"SAS","Juvenile","Depth","critical","MC","F37BHigh","Low","F37BHigh_MC","SAS_Juvenile","1","Low"
"247",269,"Steelhead","Migration","Depth","critical","MC","F37BHigh","Low","F37BHigh_MC","Steelhead_Migration","1","Low"
"248",311,"Steelhead","Migration","Velocity","critical","MC","F37BHigh","Low","F37BHigh_MC","Steelhead_Migration","1","Low"
"249",353,"Steelhead","Migration_Prolonged","Depth","critical","MC","F37BHigh","Low","F37BHigh_MC","Steelhead_Migration_Prolonged","1","Low"
"250",395,"Steelhead","Migration_Prolonged","Velocity","critical","MC","F37BHigh","Low","F37BHigh_MC","Steelhead_Migration_Prolonged","1","Low"
"251",437,"Typha","Adult","Depth","Annual","MC","F37BHigh","Low","F37BHigh_MC","Typha_Adult","1","Low"
"252",479,"Typha","Adult","Velocity","Annual","MC","F37BHigh","Low","F37BHigh_MC","Typha_Adult","1","Low"
"253",521,"Willow","Adult","StreamPower","Annual","MC","F37BHigh","High","F37BHigh_MC","Willow_Adult","3","High"
"254",563,"Willow","Seedling","Depth","critical","MC","F37BHigh","High","F37BHigh_MC","Willow_Seedling","3","High"
"255",605,"Willow","Seedling","Shear","critical","MC","F37BHigh","High","F37BHigh_MC","Willow_Seedling","3","High"
"256",18,"Cladophora","Adult","Depth","critical","MC","F37BLow","Low","F37BLow_MC","Cladophora_Adult","1","Low"
"257",60,"Cladophora","Adult","Shear Stress","critical","MC","F37BLow","Low","F37BLow_MC","Cladophora_Adult","1","Low"
"258",102,"Cladophora","Adult","Velocity","critical","MC","F37BLow","Low","F37BLow_MC","Cladophora_Adult","1","Low"
"259",144,"SAS","Adult","Depth","Annual","MC","F37BLow","Low","F37BLow_MC","SAS_Adult","1","Low"
"260",186,"SAS","Adult","Velocity","Annual","MC","F37BLow","Low","F37BLow_MC","SAS_Adult","1","Low"
"261",228,"SAS","Juvenile","Depth","critical","MC","F37BLow","Low","F37BLow_MC","SAS_Juvenile","1","Low"
"262",270,"Steelhead","Migration","Depth","critical","MC","F37BLow","Low","F37BLow_MC","Steelhead_Migration","1","Low"
"263",312,"Steelhead","Migration","Velocity","critical","MC","F37BLow","Low","F37BLow_MC","Steelhead_Migration","1","Low"
"264",354,"Steelhead","Migration_Prolonged","Depth","critical","MC","F37BLow","Low","F37BLow_MC","Steelhead_Migration_Prolonged","1","Low"
"265",396,"Steelhead","Migration_Prolonged","Velocity","critical","MC","F37BLow","Low","F37BLow_MC","Steelhead_Migration_Prolonged","1","Low"
"266",438,"Typha","Adult","Depth","Annual","MC","F37BLow","Low","F37BLow_MC","Typha_Adult","1","Low"
"267",480,"Typha","Adult","Velocity","Annual","MC","F37BLow","Low","F37BLow_MC","Typha_Adult","1","Low"
"268",522,"Willow","Adult","StreamPower","Annual","MC","F37BLow","High","F37BLow_MC","Willow_Adult","3","High"
"269",564,"Willow","Seedling","Depth","critical","MC","F37BLow","High","F37BLow_MC","Willow_Seedling","3","Low"
"270",606,"Willow","Seedling","Shear","critical","MC","F37BLow","Low","F37BLow_MC","Willow_Seedling","1","Low"
"271",19,"Cladophora","Adult","Depth","critical","MC","F45B","Low","F45B_MC","Cladophora_Adult","1","Low"
"272",61,"Cladophora","Adult","Shear Stress","critical","MC","F45B","Low","F45B_MC","Cladophora_Adult","1","Low"
"273",103,"Cladophora","Adult","Velocity","critical","MC","F45B","Low","F45B_MC","Cladophora_Adult","1","Low"
"274",145,"SAS","Adult","Depth","Annual","MC","F45B","Low","F45B_MC","SAS_Adult","1","Low"
"275",187,"SAS","Adult","Velocity","Annual","MC","F45B","Low","F45B_MC","SAS_Adult","1","Low"
"276",229,"SAS","Juvenile","Depth","critical","MC","F45B","Low","F45B_MC","SAS_Juvenile","1","Low"
"277",271,"Steelhead","Migration","Depth","critical","MC","F45B","Low","F45B_MC","Steelhead_Migration","1","Low"
"278",313,"Steelhead","Migration","Velocity","critical","MC","F45B","Low","F45B_MC","Steelhead_Migration","1","Low"
"279",355,"Steelhead","Migration_Prolonged","Depth","critical","MC","F45B","Low","F45B_MC","Steelhead_Migration_Prolonged","1","Low"
"280",397,"Steelhead","Migration_Prolonged","Velocity","critical","MC","F45B","Low","F45B_MC","Steelhead_Migration_Prolonged","1","Low"
"281",439,"Typha","Adult","Depth","Annual","MC","F45B","Low","F45B_MC","Typha_Adult","1","Low"
"282",481,"Typha","Adult","Velocity","Annual","MC","F45B","Low","F45B_MC","Typha_Adult","1","Low"
"283",523,"Willow","Adult","StreamPower","Annual","MC","F45B","High","F45B_MC","Willow_Adult","3","High"
"284",565,"Willow","Seedling","Depth","critical","MC","F45B","High","F45B_MC","Willow_Seedling","3","High"
"285",607,"Willow","Seedling","Shear","critical","MC","F45B","High","F45B_MC","Willow_Seedling","3","High"
"286",20,"Cladophora","Adult","Depth","critical","MC","F57C","High","F57C_MC","Cladophora_Adult","3","Low"
"287",62,"Cladophora","Adult","Shear Stress","critical","MC","F57C","High","F57C_MC","Cladophora_Adult","3","Low"
"288",104,"Cladophora","Adult","Velocity","critical","MC","F57C","Low","F57C_MC","Cladophora_Adult","1","Low"
"289",146,"SAS","Adult","Depth","Annual","MC","F57C","Partial","F57C_MC","SAS_Adult","2","Partial"
"290",188,"SAS","Adult","Velocity","Annual","MC","F57C","Partial","F57C_MC","SAS_Adult","2","Partial"
"291",230,"SAS","Juvenile","Depth","critical","MC","F57C","High","F57C_MC","SAS_Juvenile","3","High"
"292",272,"Steelhead","Migration","Depth","critical","MC","F57C","High","F57C_MC","Steelhead_Migration","3","High"
"293",314,"Steelhead","Migration","Velocity","critical","MC","F57C","High","F57C_MC","Steelhead_Migration","3","High"
"294",356,"Steelhead","Migration_Prolonged","Depth","critical","MC","F57C","High","F57C_MC","Steelhead_Migration_Prolonged","3","High"
"295",398,"Steelhead","Migration_Prolonged","Velocity","critical","MC","F57C","High","F57C_MC","Steelhead_Migration_Prolonged","3","High"
"296",440,"Typha","Adult","Depth","Annual","MC","F57C","Partial","F57C_MC","Typha_Adult","2","Partial"
"297",482,"Typha","Adult","Velocity","Annual","MC","F57C","Partial","F57C_MC","Typha_Adult","2","Partial"
"298",524,"Willow","Adult","StreamPower","Annual","MC","F57C","High","F57C_MC","Willow_Adult","3","High"
"299",566,"Willow","Seedling","Depth","critical","MC","F57C","Partial","F57C_MC","Willow_Seedling","2","Partial"
"300",608,"Willow","Seedling","Shear","critical","MC","F57C","Partial","F57C_MC","Willow_Seedling","2","Partial"
"301",21,"Cladophora","Adult","Depth","critical","MC","GLEN","Low","GLEN_MC","Cladophora_Adult","1","Low"
"302",63,"Cladophora","Adult","Shear Stress","critical","MC","GLEN","High","GLEN_MC","Cladophora_Adult","3","Low"
"303",105,"Cladophora","Adult","Velocity","critical","MC","GLEN","Low","GLEN_MC","Cladophora_Adult","1","Low"
"304",147,"SAS","Adult","Depth","Annual","MC","GLEN","Low","GLEN_MC","SAS_Adult","1","Low"
"305",189,"SAS","Adult","Velocity","Annual","MC","GLEN","Low","GLEN_MC","SAS_Adult","1","Low"
"306",231,"SAS","Juvenile","Depth","critical","MC","GLEN","Low","GLEN_MC","SAS_Juvenile","1","Low"
"307",273,"Steelhead","Migration","Depth","critical","MC","GLEN","Low","GLEN_MC","Steelhead_Migration","1","Low"
"308",315,"Steelhead","Migration","Velocity","critical","MC","GLEN","Low","GLEN_MC","Steelhead_Migration","1","Low"
"309",357,"Steelhead","Migration_Prolonged","Depth","critical","MC","GLEN","Low","GLEN_MC","Steelhead_Migration_Prolonged","1","Low"
"310",399,"Steelhead","Migration_Prolonged","Velocity","critical","MC","GLEN","Low","GLEN_MC","Steelhead_Migration_Prolonged","1","Low"
"311",441,"Typha","Adult","Depth","Annual","MC","GLEN","Low","GLEN_MC","Typha_Adult","1","Low"
"312",483,"Typha","Adult","Velocity","Annual","MC","GLEN","Low","GLEN_MC","Typha_Adult","1","Low"
"313",525,"Willow","Adult","StreamPower","Annual","MC","GLEN","High","GLEN_MC","Willow_Adult","3","High"
"314",567,"Willow","Seedling","Depth","critical","MC","GLEN","High","GLEN_MC","Willow_Seedling","3","Partial"
"315",609,"Willow","Seedling","Shear","critical","MC","GLEN","Partial","GLEN_MC","Willow_Seedling","2","Partial"
"316",22,"Cladophora","Adult","Depth","critical","MC","LA1","High","LA1_MC","Cladophora_Adult","3","Low"
"317",64,"Cladophora","Adult","Shear Stress","critical","MC","LA1","High","LA1_MC","Cladophora_Adult","3","Low"
"318",106,"Cladophora","Adult","Velocity","critical","MC","LA1","Low","LA1_MC","Cladophora_Adult","1","Low"
"319",148,"SAS","Adult","Depth","Annual","MC","LA1","High","LA1_MC","SAS_Adult","3","Partial"
"320",190,"SAS","Adult","Velocity","Annual","MC","LA1","Partial","LA1_MC","SAS_Adult","2","Partial"
"321",232,"SAS","Juvenile","Depth","critical","MC","LA1","High","LA1_MC","SAS_Juvenile","3","High"
"322",274,"Steelhead","Migration","Depth","critical","MC","LA1","High","LA1_MC","Steelhead_Migration","3","High"
"323",316,"Steelhead","Migration","Velocity","critical","MC","LA1","High","LA1_MC","Steelhead_Migration","3","High"
"324",358,"Steelhead","Migration_Prolonged","Depth","critical","MC","LA1","High","LA1_MC","Steelhead_Migration_Prolonged","3","High"
"325",400,"Steelhead","Migration_Prolonged","Velocity","critical","MC","LA1","High","LA1_MC","Steelhead_Migration_Prolonged","3","High"
"326",442,"Typha","Adult","Depth","Annual","MC","LA1","High","LA1_MC","Typha_Adult","3","Partial"
"327",484,"Typha","Adult","Velocity","Annual","MC","LA1","Partial","LA1_MC","Typha_Adult","2","Partial"
"328",526,"Willow","Adult","StreamPower","Annual","MC","LA1","High","LA1_MC","Willow_Adult","3","High"
"329",568,"Willow","Seedling","Depth","critical","MC","LA1","Partial","LA1_MC","Willow_Seedling","2","Low"
"330",610,"Willow","Seedling","Shear","critical","MC","LA1","Low","LA1_MC","Willow_Seedling","1","Low"
"331",23,"Cladophora","Adult","Depth","critical","MC","LA11","High","LA11_MC","Cladophora_Adult","3","Partial"
"332",65,"Cladophora","Adult","Shear Stress","critical","MC","LA11","High","LA11_MC","Cladophora_Adult","3","Partial"
"333",107,"Cladophora","Adult","Velocity","critical","MC","LA11","Partial","LA11_MC","Cladophora_Adult","2","Partial"
"334",149,"SAS","Adult","Depth","Annual","MC","LA11","Partial","LA11_MC","SAS_Adult","2","Partial"
"335",191,"SAS","Adult","Velocity","Annual","MC","LA11","Partial","LA11_MC","SAS_Adult","2","Partial"
"336",233,"SAS","Juvenile","Depth","critical","MC","LA11","High","LA11_MC","SAS_Juvenile","3","High"
"337",275,"Steelhead","Migration","Depth","critical","MC","LA11","High","LA11_MC","Steelhead_Migration","3","High"
"338",317,"Steelhead","Migration","Velocity","critical","MC","LA11","High","LA11_MC","Steelhead_Migration","3","High"
"339",359,"Steelhead","Migration_Prolonged","Depth","critical","MC","LA11","High","LA11_MC","Steelhead_Migration_Prolonged","3","High"
"340",401,"Steelhead","Migration_Prolonged","Velocity","critical","MC","LA11","High","LA11_MC","Steelhead_Migration_Prolonged","3","High"
"341",443,"Typha","Adult","Depth","Annual","MC","LA11","Partial","LA11_MC","Typha_Adult","2","Partial"
"342",485,"Typha","Adult","Velocity","Annual","MC","LA11","Partial","LA11_MC","Typha_Adult","2","Partial"
"343",527,"Willow","Adult","StreamPower","Annual","MC","LA11","High","LA11_MC","Willow_Adult","3","High"
"344",569,"Willow","Seedling","Depth","critical","MC","LA11","Partial","LA11_MC","Willow_Seedling","2","Partial"
"345",611,"Willow","Seedling","Shear","critical","MC","LA11","Partial","LA11_MC","Willow_Seedling","2","Partial"
"346",24,"Cladophora","Adult","Depth","critical","MC","LA13","High","LA13_MC","Cladophora_Adult","3","Low"
"347",66,"Cladophora","Adult","Shear Stress","critical","MC","LA13","High","LA13_MC","Cladophora_Adult","3","Low"
"348",108,"Cladophora","Adult","Velocity","critical","MC","LA13","Low","LA13_MC","Cladophora_Adult","1","Low"
"349",150,"SAS","Adult","Depth","Annual","MC","LA13","Partial","LA13_MC","SAS_Adult","2","Partial"
"350",192,"SAS","Adult","Velocity","Annual","MC","LA13","Partial","LA13_MC","SAS_Adult","2","Partial"
"351",234,"SAS","Juvenile","Depth","critical","MC","LA13","Partial","LA13_MC","SAS_Juvenile","2","Partial"
"352",276,"Steelhead","Migration","Depth","critical","MC","LA13","Low","LA13_MC","Steelhead_Migration","1","Low"
"353",318,"Steelhead","Migration","Velocity","critical","MC","LA13","High","LA13_MC","Steelhead_Migration","3","Low"
"354",360,"Steelhead","Migration_Prolonged","Depth","critical","MC","LA13","Low","LA13_MC","Steelhead_Migration_Prolonged","1","Low"
"355",402,"Steelhead","Migration_Prolonged","Velocity","critical","MC","LA13","High","LA13_MC","Steelhead_Migration_Prolonged","3","Low"
"356",444,"Typha","Adult","Depth","Annual","MC","LA13","Partial","LA13_MC","Typha_Adult","2","Partial"
"357",486,"Typha","Adult","Velocity","Annual","MC","LA13","Partial","LA13_MC","Typha_Adult","2","Partial"
"358",528,"Willow","Adult","StreamPower","Annual","MC","LA13","High","LA13_MC","Willow_Adult","3","High"
"359",570,"Willow","Seedling","Depth","critical","MC","LA13","High","LA13_MC","Willow_Seedling","3","Low"
"360",612,"Willow","Seedling","Shear","critical","MC","LA13","Low","LA13_MC","Willow_Seedling","1","Low"
"361",25,"Cladophora","Adult","Depth","critical","MC","LA14","Low","LA14_MC","Cladophora_Adult","1","Low"
"362",67,"Cladophora","Adult","Shear Stress","critical","MC","LA14","High","LA14_MC","Cladophora_Adult","3","Low"
"363",109,"Cladophora","Adult","Velocity","critical","MC","LA14","Low","LA14_MC","Cladophora_Adult","1","Low"
"364",151,"SAS","Adult","Depth","Annual","MC","LA14","Low","LA14_MC","SAS_Adult","1","Low"
"365",193,"SAS","Adult","Velocity","Annual","MC","LA14","Low","LA14_MC","SAS_Adult","1","Low"
"366",235,"SAS","Juvenile","Depth","critical","MC","LA14","Low","LA14_MC","SAS_Juvenile","1","Low"
"367",277,"Steelhead","Migration","Depth","critical","MC","LA14","Low","LA14_MC","Steelhead_Migration","1","Low"
"368",319,"Steelhead","Migration","Velocity","critical","MC","LA14","Low","LA14_MC","Steelhead_Migration","1","Low"
"369",361,"Steelhead","Migration_Prolonged","Depth","critical","MC","LA14","Low","LA14_MC","Steelhead_Migration_Prolonged","1","Low"
"370",403,"Steelhead","Migration_Prolonged","Velocity","critical","MC","LA14","Low","LA14_MC","Steelhead_Migration_Prolonged","1","Low"
"371",445,"Typha","Adult","Depth","Annual","MC","LA14","Low","LA14_MC","Typha_Adult","1","Low"
"372",487,"Typha","Adult","Velocity","Annual","MC","LA14","Low","LA14_MC","Typha_Adult","1","Low"
"373",529,"Willow","Adult","StreamPower","Annual","MC","LA14","High","LA14_MC","Willow_Adult","3","High"
"374",571,"Willow","Seedling","Depth","critical","MC","LA14","High","LA14_MC","Willow_Seedling","3","High"
"375",613,"Willow","Seedling","Shear","critical","MC","LA14","High","LA14_MC","Willow_Seedling","3","High"
"376",26,"Cladophora","Adult","Depth","critical","MC","LA2","Partial","LA2_MC","Cladophora_Adult","2","Low"
"377",68,"Cladophora","Adult","Shear Stress","critical","MC","LA2","High","LA2_MC","Cladophora_Adult","3","Low"
"378",110,"Cladophora","Adult","Velocity","critical","MC","LA2","Low","LA2_MC","Cladophora_Adult","1","Low"
"379",152,"SAS","Adult","Depth","Annual","MC","LA2","Partial","LA2_MC","SAS_Adult","2","Partial"
"380",194,"SAS","Adult","Velocity","Annual","MC","LA2","Partial","LA2_MC","SAS_Adult","2","Partial"
"381",236,"SAS","Juvenile","Depth","critical","MC","LA2","Partial","LA2_MC","SAS_Juvenile","2","Partial"
"382",278,"Steelhead","Migration","Depth","critical","MC","LA2","High","LA2_MC","Steelhead_Migration","3","High"
"383",320,"Steelhead","Migration","Velocity","critical","MC","LA2","High","LA2_MC","Steelhead_Migration","3","High"
"384",362,"Steelhead","Migration_Prolonged","Depth","critical","MC","LA2","High","LA2_MC","Steelhead_Migration_Prolonged","3","High"
"385",404,"Steelhead","Migration_Prolonged","Velocity","critical","MC","LA2","High","LA2_MC","Steelhead_Migration_Prolonged","3","High"
"386",446,"Typha","Adult","Depth","Annual","MC","LA2","Low","LA2_MC","Typha_Adult","1","Low"
"387",488,"Typha","Adult","Velocity","Annual","MC","LA2","Partial","LA2_MC","Typha_Adult","2","Low"
"388",530,"Willow","Adult","StreamPower","Annual","MC","LA2","High","LA2_MC","Willow_Adult","3","High"
"389",572,"Willow","Seedling","Depth","critical","MC","LA2","Low","LA2_MC","Willow_Seedling","1","Low"
"390",614,"Willow","Seedling","Shear","critical","MC","LA2","High","LA2_MC","Willow_Seedling","3","Low"
"391",27,"Cladophora","Adult","Depth","critical","MC","LA20","High","LA20_MC","Cladophora_Adult","3","Partial"
"392",69,"Cladophora","Adult","Shear Stress","critical","MC","LA20","High","LA20_MC","Cladophora_Adult","3","Partial"
"393",111,"Cladophora","Adult","Velocity","critical","MC","LA20","Partial","LA20_MC","Cladophora_Adult","2","Partial"
"394",153,"SAS","Adult","Depth","Annual","MC","LA20","Partial","LA20_MC","SAS_Adult","2","Partial"
"395",195,"SAS","Adult","Velocity","Annual","MC","LA20","Partial","LA20_MC","SAS_Adult","2","Partial"
"396",237,"SAS","Juvenile","Depth","critical","MC","LA20","Partial","LA20_MC","SAS_Juvenile","2","Partial"
"397",279,"Steelhead","Migration","Depth","critical","MC","LA20","Partial","LA20_MC","Steelhead_Migration","2","Partial"
"398",321,"Steelhead","Migration","Velocity","critical","MC","LA20","High","LA20_MC","Steelhead_Migration","3","Partial"
"399",363,"Steelhead","Migration_Prolonged","Depth","critical","MC","LA20","Low","LA20_MC","Steelhead_Migration_Prolonged","1","Low"
"400",405,"Steelhead","Migration_Prolonged","Velocity","critical","MC","LA20","High","LA20_MC","Steelhead_Migration_Prolonged","3","Low"
"401",447,"Typha","Adult","Depth","Annual","MC","LA20","Partial","LA20_MC","Typha_Adult","2","Partial"
"402",489,"Typha","Adult","Velocity","Annual","MC","LA20","Partial","LA20_MC","Typha_Adult","2","Partial"
"403",531,"Willow","Adult","StreamPower","Annual","MC","LA20","High","LA20_MC","Willow_Adult","3","High"
"404",573,"Willow","Seedling","Depth","critical","MC","LA20","Partial","LA20_MC","Willow_Seedling","2","Low"
"405",615,"Willow","Seedling","Shear","critical","MC","LA20","Low","LA20_MC","Willow_Seedling","1","Low"
"406",28,"Cladophora","Adult","Depth","critical","MC","LA202","Partial","LA202_MC","Cladophora_Adult","2","Low"
"407",70,"Cladophora","Adult","Shear Stress","critical","MC","LA202","Low","LA202_MC","Cladophora_Adult","1","Low"
"408",112,"Cladophora","Adult","Velocity","critical","MC","LA202","Low","LA202_MC","Cladophora_Adult","1","Low"
"409",154,"SAS","Adult","Depth","Annual","MC","LA202","Partial","LA202_MC","SAS_Adult","2","Low"
"410",196,"SAS","Adult","Velocity","Annual","MC","LA202","Low","LA202_MC","SAS_Adult","1","Low"
"411",238,"SAS","Juvenile","Depth","critical","MC","LA202","Partial","LA202_MC","SAS_Juvenile","2","Partial"
"412",280,"Steelhead","Migration","Depth","critical","MC","LA202","High","LA202_MC","Steelhead_Migration","3","High"
"413",322,"Steelhead","Migration","Velocity","critical","MC","LA202","High","LA202_MC","Steelhead_Migration","3","High"
"414",364,"Steelhead","Migration_Prolonged","Depth","critical","MC","LA202","High","LA202_MC","Steelhead_Migration_Prolonged","3","High"
"415",406,"Steelhead","Migration_Prolonged","Velocity","critical","MC","LA202","High","LA202_MC","Steelhead_Migration_Prolonged","3","High"
"416",448,"Typha","Adult","Depth","Annual","MC","LA202","Low","LA202_MC","Typha_Adult","1","Low"
"417",490,"Typha","Adult","Velocity","Annual","MC","LA202","High","LA202_MC","Typha_Adult","3","Low"
"418",532,"Willow","Adult","StreamPower","Annual","MC","LA202","High","LA202_MC","Willow_Adult","3","High"
"419",574,"Willow","Seedling","Depth","critical","MC","LA202","Low","LA202_MC","Willow_Seedling","1","Low"
"420",616,"Willow","Seedling","Shear","critical","MC","LA202","Low","LA202_MC","Willow_Seedling","1","Low"
"421",29,"Cladophora","Adult","Depth","critical","MC","LA3","High","LA3_MC","Cladophora_Adult","3","High"
"422",71,"Cladophora","Adult","Shear Stress","critical","MC","LA3","High","LA3_MC","Cladophora_Adult","3","High"
"423",113,"Cladophora","Adult","Velocity","critical","MC","LA3","High","LA3_MC","Cladophora_Adult","3","High"
"424",155,"SAS","Adult","Depth","Annual","MC","LA3","High","LA3_MC","SAS_Adult","3","Partial"
"425",197,"SAS","Adult","Velocity","Annual","MC","LA3","Partial","LA3_MC","SAS_Adult","2","Partial"
"426",239,"SAS","Juvenile","Depth","critical","MC","LA3","High","LA3_MC","SAS_Juvenile","3","High"
"427",281,"Steelhead","Migration","Depth","critical","MC","LA3","High","LA3_MC","Steelhead_Migration","3","High"
"428",323,"Steelhead","Migration","Velocity","critical","MC","LA3","High","LA3_MC","Steelhead_Migration","3","High"
"429",365,"Steelhead","Migration_Prolonged","Depth","critical","MC","LA3","High","LA3_MC","Steelhead_Migration_Prolonged","3","High"
"430",407,"Steelhead","Migration_Prolonged","Velocity","critical","MC","LA3","High","LA3_MC","Steelhead_Migration_Prolonged","3","High"
"431",449,"Typha","Adult","Depth","Annual","MC","LA3","High","LA3_MC","Typha_Adult","3","Low"
"432",491,"Typha","Adult","Velocity","Annual","MC","LA3","Low","LA3_MC","Typha_Adult","1","Low"
"433",533,"Willow","Adult","StreamPower","Annual","MC","LA3","High","LA3_MC","Willow_Adult","3","High"
"434",575,"Willow","Seedling","Depth","critical","MC","LA3","Low","LA3_MC","Willow_Seedling","1","Low"
"435",617,"Willow","Seedling","Shear","critical","MC","LA3","Low","LA3_MC","Willow_Seedling","1","Low"
"436",30,"Cladophora","Adult","Depth","critical","MC","LA8","High","LA8_MC","Cladophora_Adult","3","High"
"437",72,"Cladophora","Adult","Shear Stress","critical","MC","LA8","High","LA8_MC","Cladophora_Adult","3","High"
"438",114,"Cladophora","Adult","Velocity","critical","MC","LA8","High","LA8_MC","Cladophora_Adult","3","High"
"439",156,"SAS","Adult","Depth","Annual","MC","LA8","Partial","LA8_MC","SAS_Adult","2","Low"
"440",198,"SAS","Adult","Velocity","Annual","MC","LA8","Low","LA8_MC","SAS_Adult","1","Low"
"441",240,"SAS","Juvenile","Depth","critical","MC","LA8","High","LA8_MC","SAS_Juvenile","3","High"
"442",282,"Steelhead","Migration","Depth","critical","MC","LA8","High","LA8_MC","Steelhead_Migration","3","High"
"443",324,"Steelhead","Migration","Velocity","critical","MC","LA8","High","LA8_MC","Steelhead_Migration","3","High"
"444",366,"Steelhead","Migration_Prolonged","Depth","critical","MC","LA8","High","LA8_MC","Steelhead_Migration_Prolonged","3","High"
"445",408,"Steelhead","Migration_Prolonged","Velocity","critical","MC","LA8","High","LA8_MC","Steelhead_Migration_Prolonged","3","High"
"446",450,"Typha","Adult","Depth","Annual","MC","LA8","Partial","LA8_MC","Typha_Adult","2","Low"
"447",492,"Typha","Adult","Velocity","Annual","MC","LA8","Low","LA8_MC","Typha_Adult","1","Low"
"448",534,"Willow","Adult","StreamPower","Annual","MC","LA8","High","LA8_MC","Willow_Adult","3","High"
"449",576,"Willow","Seedling","Depth","critical","MC","LA8","Partial","LA8_MC","Willow_Seedling","2","Low"
"450",618,"Willow","Seedling","Shear","critical","MC","LA8","Low","LA8_MC","Willow_Seedling","1","Low"
"451",31,"Cladophora","Adult","Depth","critical","ROB","11101250","Low","11101250_ROB","Cladophora_Adult","1","Low"
"452",73,"Cladophora","Adult","Shear Stress","critical","ROB","11101250","High","11101250_ROB","Cladophora_Adult","3","Low"
"453",115,"Cladophora","Adult","Velocity","critical","ROB","11101250","Low","11101250_ROB","Cladophora_Adult","1","Low"
"454",157,"SAS","Adult","Depth","Annual","ROB","11101250","Low","11101250_ROB","SAS_Adult","1","Low"
"455",199,"SAS","Adult","Velocity","Annual","ROB","11101250","Low","11101250_ROB","SAS_Adult","1","Low"
"456",241,"SAS","Juvenile","Depth","critical","ROB","11101250","Low","11101250_ROB","SAS_Juvenile","1","Low"
"457",283,"Steelhead","Migration","Depth","critical","ROB","11101250","Low","11101250_ROB","Steelhead_Migration","1","Low"
"458",325,"Steelhead","Migration","Velocity","critical","ROB","11101250","Low","11101250_ROB","Steelhead_Migration","1","Low"
"459",367,"Steelhead","Migration_Prolonged","Depth","critical","ROB","11101250","Low","11101250_ROB","Steelhead_Migration_Prolonged","1","Low"
"460",409,"Steelhead","Migration_Prolonged","Velocity","critical","ROB","11101250","Low","11101250_ROB","Steelhead_Migration_Prolonged","1","Low"
"461",451,"Typha","Adult","Depth","Annual","ROB","11101250","Low","11101250_ROB","Typha_Adult","1","Low"
"462",493,"Typha","Adult","Velocity","Annual","ROB","11101250","Low","11101250_ROB","Typha_Adult","1","Low"
"463",535,"Willow","Adult","StreamPower","Annual","ROB","11101250","High","11101250_ROB","Willow_Adult","3","High"
"464",577,"Willow","Seedling","Depth","critical","ROB","11101250","High","11101250_ROB","Willow_Seedling","3","High"
"465",619,"Willow","Seedling","Shear","critical","ROB","11101250","High","11101250_ROB","Willow_Seedling","3","High"
"466",32,"Cladophora","Adult","Depth","critical","ROB","F300","Low","F300_ROB","Cladophora_Adult","1","Low"
"467",74,"Cladophora","Adult","Shear Stress","critical","ROB","F300","High","F300_ROB","Cladophora_Adult","3","Low"
"468",116,"Cladophora","Adult","Velocity","critical","ROB","F300","Low","F300_ROB","Cladophora_Adult","1","Low"
"469",158,"SAS","Adult","Depth","Annual","ROB","F300","Low","F300_ROB","SAS_Adult","1","Low"
"470",200,"SAS","Adult","Velocity","Annual","ROB","F300","Low","F300_ROB","SAS_Adult","1","Low"
"471",242,"SAS","Juvenile","Depth","critical","ROB","F300","Low","F300_ROB","SAS_Juvenile","1","Low"
"472",284,"Steelhead","Migration","Depth","critical","ROB","F300","Low","F300_ROB","Steelhead_Migration","1","Low"
"473",326,"Steelhead","Migration","Velocity","critical","ROB","F300","Low","F300_ROB","Steelhead_Migration","1","Low"
"474",368,"Steelhead","Migration_Prolonged","Depth","critical","ROB","F300","Low","F300_ROB","Steelhead_Migration_Prolonged","1","Low"
"475",410,"Steelhead","Migration_Prolonged","Velocity","critical","ROB","F300","Low","F300_ROB","Steelhead_Migration_Prolonged","1","Low"
"476",452,"Typha","Adult","Depth","Annual","ROB","F300","Low","F300_ROB","Typha_Adult","1","Low"
"477",494,"Typha","Adult","Velocity","Annual","ROB","F300","Low","F300_ROB","Typha_Adult","1","Low"
"478",536,"Willow","Adult","StreamPower","Annual","ROB","F300","High","F300_ROB","Willow_Adult","3","High"
"479",578,"Willow","Seedling","Depth","critical","ROB","F300","High","F300_ROB","Willow_Seedling","3","High"
"480",620,"Willow","Seedling","Shear","critical","ROB","F300","High","F300_ROB","Willow_Seedling","3","High"
"481",33,"Cladophora","Adult","Depth","critical","ROB","F37BLow","Low","F37BLow_ROB","Cladophora_Adult","1","Low"
"482",75,"Cladophora","Adult","Shear Stress","critical","ROB","F37BLow","Low","F37BLow_ROB","Cladophora_Adult","1","Low"
"483",117,"Cladophora","Adult","Velocity","critical","ROB","F37BLow","Low","F37BLow_ROB","Cladophora_Adult","1","Low"
"484",159,"SAS","Adult","Depth","Annual","ROB","F37BLow","Low","F37BLow_ROB","SAS_Adult","1","Low"
"485",201,"SAS","Adult","Velocity","Annual","ROB","F37BLow","Low","F37BLow_ROB","SAS_Adult","1","Low"
"486",243,"SAS","Juvenile","Depth","critical","ROB","F37BLow","Low","F37BLow_ROB","SAS_Juvenile","1","Low"
"487",285,"Steelhead","Migration","Depth","critical","ROB","F37BLow","Low","F37BLow_ROB","Steelhead_Migration","1","Low"
"488",327,"Steelhead","Migration","Velocity","critical","ROB","F37BLow","Partial","F37BLow_ROB","Steelhead_Migration","2","Low"
"489",369,"Steelhead","Migration_Prolonged","Depth","critical","ROB","F37BLow","Low","F37BLow_ROB","Steelhead_Migration_Prolonged","1","Low"
"490",411,"Steelhead","Migration_Prolonged","Velocity","critical","ROB","F37BLow","Partial","F37BLow_ROB","Steelhead_Migration_Prolonged","2","Low"
"491",453,"Typha","Adult","Depth","Annual","ROB","F37BLow","Low","F37BLow_ROB","Typha_Adult","1","Low"
"492",495,"Typha","Adult","Velocity","Annual","ROB","F37BLow","Low","F37BLow_ROB","Typha_Adult","1","Low"
"493",537,"Willow","Adult","StreamPower","Annual","ROB","F37BLow","High","F37BLow_ROB","Willow_Adult","3","High"
"494",579,"Willow","Seedling","Depth","critical","ROB","F37BLow","High","F37BLow_ROB","Willow_Seedling","3","Low"
"495",621,"Willow","Seedling","Shear","critical","ROB","F37BLow","Low","F37BLow_ROB","Willow_Seedling","1","Low"
"496",34,"Cladophora","Adult","Depth","critical","ROB","F57C","Low","F57C_ROB","Cladophora_Adult","1","Low"
"497",76,"Cladophora","Adult","Shear Stress","critical","ROB","F57C","High","F57C_ROB","Cladophora_Adult","3","Low"
"498",118,"Cladophora","Adult","Velocity","critical","ROB","F57C","Low","F57C_ROB","Cladophora_Adult","1","Low"
"499",160,"SAS","Adult","Depth","Annual","ROB","F57C","Low","F57C_ROB","SAS_Adult","1","Low"
"500",202,"SAS","Adult","Velocity","Annual","ROB","F57C","Low","F57C_ROB","SAS_Adult","1","Low"
"501",244,"SAS","Juvenile","Depth","critical","ROB","F57C","Low","F57C_ROB","SAS_Juvenile","1","Low"
"502",286,"Steelhead","Migration","Depth","critical","ROB","F57C","Low","F57C_ROB","Steelhead_Migration","1","Low"
"503",328,"Steelhead","Migration","Velocity","critical","ROB","F57C","Low","F57C_ROB","Steelhead_Migration","1","Low"
"504",370,"Steelhead","Migration_Prolonged","Depth","critical","ROB","F57C","Low","F57C_ROB","Steelhead_Migration_Prolonged","1","Low"
"505",412,"Steelhead","Migration_Prolonged","Velocity","critical","ROB","F57C","Low","F57C_ROB","Steelhead_Migration_Prolonged","1","Low"
"506",454,"Typha","Adult","Depth","Annual","ROB","F57C","Low","F57C_ROB","Typha_Adult","1","Low"
"507",496,"Typha","Adult","Velocity","Annual","ROB","F57C","Low","F57C_ROB","Typha_Adult","1","Low"
"508",538,"Willow","Adult","StreamPower","Annual","ROB","F57C","High","F57C_ROB","Willow_Adult","3","High"
"509",580,"Willow","Seedling","Depth","critical","ROB","F57C","High","F57C_ROB","Willow_Seedling","3","High"
"510",622,"Willow","Seedling","Shear","critical","ROB","F57C","High","F57C_ROB","Willow_Seedling","3","High"
"511",35,"Cladophora","Adult","Depth","critical","ROB","GLEN","High","GLEN_ROB","Cladophora_Adult","3","Low"
"512",77,"Cladophora","Adult","Shear Stress","critical","ROB","GLEN","High","GLEN_ROB","Cladophora_Adult","3","Low"
"513",119,"Cladophora","Adult","Velocity","critical","ROB","GLEN","Low","GLEN_ROB","Cladophora_Adult","1","Low"
"514",161,"SAS","Adult","Depth","Annual","ROB","GLEN","Partial","GLEN_ROB","SAS_Adult","2","Partial"
"515",203,"SAS","Adult","Velocity","Annual","ROB","GLEN","Partial","GLEN_ROB","SAS_Adult","2","Partial"
"516",245,"SAS","Juvenile","Depth","critical","ROB","GLEN","Partial","GLEN_ROB","SAS_Juvenile","2","Partial"
"517",287,"Steelhead","Migration","Depth","critical","ROB","GLEN","Low","GLEN_ROB","Steelhead_Migration","1","Low"
"518",329,"Steelhead","Migration","Velocity","critical","ROB","GLEN","High","GLEN_ROB","Steelhead_Migration","3","Low"
"519",371,"Steelhead","Migration_Prolonged","Depth","critical","ROB","GLEN","Low","GLEN_ROB","Steelhead_Migration_Prolonged","1","Low"
"520",413,"Steelhead","Migration_Prolonged","Velocity","critical","ROB","GLEN","High","GLEN_ROB","Steelhead_Migration_Prolonged","3","Low"
"521",455,"Typha","Adult","Depth","Annual","ROB","GLEN","Partial","GLEN_ROB","Typha_Adult","2","Partial"
"522",497,"Typha","Adult","Velocity","Annual","ROB","GLEN","Partial","GLEN_ROB","Typha_Adult","2","Partial"
"523",539,"Willow","Adult","StreamPower","Annual","ROB","GLEN","High","GLEN_ROB","Willow_Adult","3","High"
"524",581,"Willow","Seedling","Depth","critical","ROB","GLEN","High","GLEN_ROB","Willow_Seedling","3","Partial"
"525",623,"Willow","Seedling","Shear","critical","ROB","GLEN","Partial","GLEN_ROB","Willow_Seedling","2","Partial"
"526",36,"Cladophora","Adult","Depth","critical","ROB","LA11","Low","LA11_ROB","Cladophora_Adult","1","Low"
"527",78,"Cladophora","Adult","Shear Stress","critical","ROB","LA11","High","LA11_ROB","Cladophora_Adult","3","Low"
"528",120,"Cladophora","Adult","Velocity","critical","ROB","LA11","Low","LA11_ROB","Cladophora_Adult","1","Low"
"529",162,"SAS","Adult","Depth","Annual","ROB","LA11","Low","LA11_ROB","SAS_Adult","1","Low"
"530",204,"SAS","Adult","Velocity","Annual","ROB","LA11","Low","LA11_ROB","SAS_Adult","1","Low"
"531",246,"SAS","Juvenile","Depth","critical","ROB","LA11","Low","LA11_ROB","SAS_Juvenile","1","Low"
"532",288,"Steelhead","Migration","Depth","critical","ROB","LA11","Low","LA11_ROB","Steelhead_Migration","1","Low"
"533",330,"Steelhead","Migration","Velocity","critical","ROB","LA11","Low","LA11_ROB","Steelhead_Migration","1","Low"
"534",372,"Steelhead","Migration_Prolonged","Depth","critical","ROB","LA11","Low","LA11_ROB","Steelhead_Migration_Prolonged","1","Low"
"535",414,"Steelhead","Migration_Prolonged","Velocity","critical","ROB","LA11","Low","LA11_ROB","Steelhead_Migration_Prolonged","1","Low"
"536",456,"Typha","Adult","Depth","Annual","ROB","LA11","Low","LA11_ROB","Typha_Adult","1","Low"
"537",498,"Typha","Adult","Velocity","Annual","ROB","LA11","Low","LA11_ROB","Typha_Adult","1","Low"
"538",540,"Willow","Adult","StreamPower","Annual","ROB","LA11","High","LA11_ROB","Willow_Adult","3","High"
"539",582,"Willow","Seedling","Depth","critical","ROB","LA11","High","LA11_ROB","Willow_Seedling","3","High"
"540",624,"Willow","Seedling","Shear","critical","ROB","LA11","High","LA11_ROB","Willow_Seedling","3","High"
"541",37,"Cladophora","Adult","Depth","critical","ROB","LA14","High","LA14_ROB","Cladophora_Adult","3","Partial"
"542",79,"Cladophora","Adult","Shear Stress","critical","ROB","LA14","High","LA14_ROB","Cladophora_Adult","3","Partial"
"543",121,"Cladophora","Adult","Velocity","critical","ROB","LA14","Partial","LA14_ROB","Cladophora_Adult","2","Partial"
"544",163,"SAS","Adult","Depth","Annual","ROB","LA14","Partial","LA14_ROB","SAS_Adult","2","Partial"
"545",205,"SAS","Adult","Velocity","Annual","ROB","LA14","High","LA14_ROB","SAS_Adult","3","Partial"
"546",247,"SAS","Juvenile","Depth","critical","ROB","LA14","Partial","LA14_ROB","SAS_Juvenile","2","Partial"
"547",289,"Steelhead","Migration","Depth","critical","ROB","LA14","High","LA14_ROB","Steelhead_Migration","3","High"
"548",331,"Steelhead","Migration","Velocity","critical","ROB","LA14","High","LA14_ROB","Steelhead_Migration","3","High"
"549",373,"Steelhead","Migration_Prolonged","Depth","critical","ROB","LA14","High","LA14_ROB","Steelhead_Migration_Prolonged","3","High"
"550",415,"Steelhead","Migration_Prolonged","Velocity","critical","ROB","LA14","High","LA14_ROB","Steelhead_Migration_Prolonged","3","High"
"551",457,"Typha","Adult","Depth","Annual","ROB","LA14","Partial","LA14_ROB","Typha_Adult","2","Partial"
"552",499,"Typha","Adult","Velocity","Annual","ROB","LA14","Partial","LA14_ROB","Typha_Adult","2","Partial"
"553",541,"Willow","Adult","StreamPower","Annual","ROB","LA14","High","LA14_ROB","Willow_Adult","3","High"
"554",583,"Willow","Seedling","Depth","critical","ROB","LA14","Partial","LA14_ROB","Willow_Seedling","2","Partial"
"555",625,"Willow","Seedling","Shear","critical","ROB","LA14","Partial","LA14_ROB","Willow_Seedling","2","Partial"
"556",38,"Cladophora","Adult","Depth","critical","ROB","LA2","Low","LA2_ROB","Cladophora_Adult","1","Low"
"557",80,"Cladophora","Adult","Shear Stress","critical","ROB","LA2","High","LA2_ROB","Cladophora_Adult","3","Low"
"558",122,"Cladophora","Adult","Velocity","critical","ROB","LA2","Low","LA2_ROB","Cladophora_Adult","1","Low"
"559",164,"SAS","Adult","Depth","Annual","ROB","LA2","Low","LA2_ROB","SAS_Adult","1","Low"
"560",206,"SAS","Adult","Velocity","Annual","ROB","LA2","Low","LA2_ROB","SAS_Adult","1","Low"
"561",248,"SAS","Juvenile","Depth","critical","ROB","LA2","Low","LA2_ROB","SAS_Juvenile","1","Low"
"562",290,"Steelhead","Migration","Depth","critical","ROB","LA2","Low","LA2_ROB","Steelhead_Migration","1","Low"
"563",332,"Steelhead","Migration","Velocity","critical","ROB","LA2","Low","LA2_ROB","Steelhead_Migration","1","Low"
"564",374,"Steelhead","Migration_Prolonged","Depth","critical","ROB","LA2","Low","LA2_ROB","Steelhead_Migration_Prolonged","1","Low"
"565",416,"Steelhead","Migration_Prolonged","Velocity","critical","ROB","LA2","Low","LA2_ROB","Steelhead_Migration_Prolonged","1","Low"
"566",458,"Typha","Adult","Depth","Annual","ROB","LA2","Low","LA2_ROB","Typha_Adult","1","Low"
"567",500,"Typha","Adult","Velocity","Annual","ROB","LA2","Low","LA2_ROB","Typha_Adult","1","Low"
"568",542,"Willow","Adult","StreamPower","Annual","ROB","LA2","High","LA2_ROB","Willow_Adult","3","High"
"569",584,"Willow","Seedling","Depth","critical","ROB","LA2","High","LA2_ROB","Willow_Seedling","3","High"
"570",626,"Willow","Seedling","Shear","critical","ROB","LA2","High","LA2_ROB","Willow_Seedling","3","High"
"571",39,"Cladophora","Adult","Depth","critical","ROB","LA20","Low","LA20_ROB","Cladophora_Adult","1","Low"
"572",81,"Cladophora","Adult","Shear Stress","critical","ROB","LA20","High","LA20_ROB","Cladophora_Adult","3","Low"
"573",123,"Cladophora","Adult","Velocity","critical","ROB","LA20","Low","LA20_ROB","Cladophora_Adult","1","Low"
"574",165,"SAS","Adult","Depth","Annual","ROB","LA20","Low","LA20_ROB","SAS_Adult","1","Low"
"575",207,"SAS","Adult","Velocity","Annual","ROB","LA20","Low","LA20_ROB","SAS_Adult","1","Low"
"576",249,"SAS","Juvenile","Depth","critical","ROB","LA20","Low","LA20_ROB","SAS_Juvenile","1","Low"
"577",291,"Steelhead","Migration","Depth","critical","ROB","LA20","Low","LA20_ROB","Steelhead_Migration","1","Low"
"578",333,"Steelhead","Migration","Velocity","critical","ROB","LA20","Low","LA20_ROB","Steelhead_Migration","1","Low"
"579",375,"Steelhead","Migration_Prolonged","Depth","critical","ROB","LA20","Low","LA20_ROB","Steelhead_Migration_Prolonged","1","Low"
"580",417,"Steelhead","Migration_Prolonged","Velocity","critical","ROB","LA20","Low","LA20_ROB","Steelhead_Migration_Prolonged","1","Low"
"581",459,"Typha","Adult","Depth","Annual","ROB","LA20","Low","LA20_ROB","Typha_Adult","1","Low"
"582",501,"Typha","Adult","Velocity","Annual","ROB","LA20","Low","LA20_ROB","Typha_Adult","1","Low"
"583",543,"Willow","Adult","StreamPower","Annual","ROB","LA20","High","LA20_ROB","Willow_Adult","3","High"
"584",585,"Willow","Seedling","Depth","critical","ROB","LA20","High","LA20_ROB","Willow_Seedling","3","High"
"585",627,"Willow","Seedling","Shear","critical","ROB","LA20","High","LA20_ROB","Willow_Seedling","3","High"
"586",40,"Cladophora","Adult","Depth","critical","ROB","LA202","Low","LA202_ROB","Cladophora_Adult","1","Low"
"587",82,"Cladophora","Adult","Shear Stress","critical","ROB","LA202","High","LA202_ROB","Cladophora_Adult","3","Low"
"588",124,"Cladophora","Adult","Velocity","critical","ROB","LA202","Low","LA202_ROB","Cladophora_Adult","1","Low"
"589",166,"SAS","Adult","Depth","Annual","ROB","LA202","Low","LA202_ROB","SAS_Adult","1","Low"
"590",208,"SAS","Adult","Velocity","Annual","ROB","LA202","Low","LA202_ROB","SAS_Adult","1","Low"
"591",250,"SAS","Juvenile","Depth","critical","ROB","LA202","Low","LA202_ROB","SAS_Juvenile","1","Low"
"592",292,"Steelhead","Migration","Depth","critical","ROB","LA202","Low","LA202_ROB","Steelhead_Migration","1","Low"
"593",334,"Steelhead","Migration","Velocity","critical","ROB","LA202","Low","LA202_ROB","Steelhead_Migration","1","Low"
"594",376,"Steelhead","Migration_Prolonged","Depth","critical","ROB","LA202","Low","LA202_ROB","Steelhead_Migration_Prolonged","1","Low"
"595",418,"Steelhead","Migration_Prolonged","Velocity","critical","ROB","LA202","Low","LA202_ROB","Steelhead_Migration_Prolonged","1","Low"
"596",460,"Typha","Adult","Depth","Annual","ROB","LA202","Low","LA202_ROB","Typha_Adult","1","Low"
"597",502,"Typha","Adult","Velocity","Annual","ROB","LA202","Low","LA202_ROB","Typha_Adult","1","Low"
"598",544,"Willow","Adult","StreamPower","Annual","ROB","LA202","High","LA202_ROB","Willow_Adult","3","High"
"599",586,"Willow","Seedling","Depth","critical","ROB","LA202","High","LA202_ROB","Willow_Seedling","3","High"
"600",628,"Willow","Seedling","Shear","critical","ROB","LA202","High","LA202_ROB","Willow_Seedling","3","High"
"601",41,"Cladophora","Adult","Depth","critical","ROB","LA3","High","LA3_ROB","Cladophora_Adult","3","Low"
"602",83,"Cladophora","Adult","Shear Stress","critical","ROB","LA3","High","LA3_ROB","Cladophora_Adult","3","Low"
"603",125,"Cladophora","Adult","Velocity","critical","ROB","LA3","Low","LA3_ROB","Cladophora_Adult","1","Low"
"604",167,"SAS","Adult","Depth","Annual","ROB","LA3","Partial","LA3_ROB","SAS_Adult","2","Partial"
"605",209,"SAS","Adult","Velocity","Annual","ROB","LA3","Partial","LA3_ROB","SAS_Adult","2","Partial"
"606",251,"SAS","Juvenile","Depth","critical","ROB","LA3","Partial","LA3_ROB","SAS_Juvenile","2","Partial"
"607",293,"Steelhead","Migration","Depth","critical","ROB","LA3","Low","LA3_ROB","Steelhead_Migration","1","Low"
"608",335,"Steelhead","Migration","Velocity","critical","ROB","LA3","High","LA3_ROB","Steelhead_Migration","3","Low"
"609",377,"Steelhead","Migration_Prolonged","Depth","critical","ROB","LA3","Low","LA3_ROB","Steelhead_Migration_Prolonged","1","Low"
"610",419,"Steelhead","Migration_Prolonged","Velocity","critical","ROB","LA3","High","LA3_ROB","Steelhead_Migration_Prolonged","3","Low"
"611",461,"Typha","Adult","Depth","Annual","ROB","LA3","Partial","LA3_ROB","Typha_Adult","2","Partial"
"612",503,"Typha","Adult","Velocity","Annual","ROB","LA3","Partial","LA3_ROB","Typha_Adult","2","Partial"
"613",545,"Willow","Adult","StreamPower","Annual","ROB","LA3","High","LA3_ROB","Willow_Adult","3","High"
"614",587,"Willow","Seedling","Depth","critical","ROB","LA3","High","LA3_ROB","Willow_Seedling","3","Low"
"615",629,"Willow","Seedling","Shear","critical","ROB","LA3","Low","LA3_ROB","Willow_Seedling","1","Low"
"616",42,"Cladophora","Adult","Depth","critical","ROB","LA8","High","LA8_ROB","Cladophora_Adult","3","Partial"
"617",84,"Cladophora","Adult","Shear Stress","critical","ROB","LA8","High","LA8_ROB","Cladophora_Adult","3","Partial"
"618",126,"Cladophora","Adult","Velocity","critical","ROB","LA8","Partial","LA8_ROB","Cladophora_Adult","2","Partial"
"619",168,"SAS","Adult","Depth","Annual","ROB","LA8","Partial","LA8_ROB","SAS_Adult","2","Partial"
"620",210,"SAS","Adult","Velocity","Annual","ROB","LA8","High","LA8_ROB","SAS_Adult","3","Partial"
"621",252,"SAS","Juvenile","Depth","critical","ROB","LA8","Partial","LA8_ROB","SAS_Juvenile","2","Partial"
"622",294,"Steelhead","Migration","Depth","critical","ROB","LA8","Low","LA8_ROB","Steelhead_Migration","1","Low"
"623",336,"Steelhead","Migration","Velocity","critical","ROB","LA8","High","LA8_ROB","Steelhead_Migration","3","Low"
"624",378,"Steelhead","Migration_Prolonged","Depth","critical","ROB","LA8","Low","LA8_ROB","Steelhead_Migration_Prolonged","1","Low"
"625",420,"Steelhead","Migration_Prolonged","Velocity","critical","ROB","LA8","High","LA8_ROB","Steelhead_Migration_Prolonged","3","Low"
"626",462,"Typha","Adult","Depth","Annual","ROB","LA8","Partial","LA8_ROB","Typha_Adult","2","Partial"
"627",504,"Typha","Adult","Velocity","Annual","ROB","LA8","Partial","LA8_ROB","Typha_Adult","2","Partial"
"628",546,"Willow","Adult","StreamPower","Annual","ROB","LA8","High","LA8_ROB","Willow_Adult","3","High"
"629",588,"Willow","Seedling","Depth","critical","ROB","LA8","High","LA8_ROB","Willow_Seedling","3","High"
"630",630,"Willow","Seedling","Shear","critical","ROB","LA8","High","LA8_ROB","Willow_Seedling","3","High"
